{
  "token_acc":1.0,
  "token_p":1.0,
  "token_r":1.0,
  "token_f":1.0,
  "ents_p":0.9191207955,
  "ents_r":0.9101144768,
  "ents_f":0.9145954647,
  "ents_per_type":{
    "ORG":{
      "p":0.8648809524,
      "r":0.8260375213,
      "f":0.8450130852
    },
    "OTHER_PERSON":{
      "p":0.8736749117,
      "r":0.9263190759,
      "f":0.8992271556
    },
    "WITNESS":{
      "p":0.9134328358,
      "r":0.9207622869,
      "f":0.9170829171
    },
    "GPE":{
      "p":0.8935294118,
      "r":0.8620885358,
      "f":0.8775274408
    },
    "STATUTE":{
      "p":0.9483296214,
      "r":0.9470640569,
      "f":0.9476964166
    },
    "DATE":{
      "p":0.9900647948,
      "r":0.9866551873,
      "f":0.9883570505
    },
    "PROVISION":{
      "p":0.9714889124,
      "r":0.9517241379,
      "f":0.9615049643
    },
    "COURT":{
      "p":0.9544895449,
      "r":0.9411764706,
      "f":0.9477862595
    },
    "PRECEDENT":{
      "p":0.8661219359,
      "r":0.8082111437,
      "f":0.8361650485
    },
    "CASE_NUMBER":{
      "p":0.873151751,
      "r":0.8751950078,
      "f":0.8741721854
    },
    "PETITIONER":{
      "p":0.8585858586,
      "r":0.8817427386,
      "f":0.8700102354
    },
    "JUDGE":{
      "p":0.9625668449,
      "r":0.9262435678,
      "f":0.9440559441
    },
    "RESPONDENT":{
      "p":0.9462365591,
      "r":0.7904191617,
      "f":0.8613376835
    }
  },
  "speed":29783.7194448219
}